<zamestnanci><Zamestnanec><JmenoPrijmeni>Zbynek Beranek</JmenoPrijmeni><RodneCislo>450914/9788</RodneCislo><Pozice>Company Lawyer</Pozice><Uvazek>40</Uvazek><Odpracovano>160</Odpracovano><Dovolena>0</Dovolena><Nemoc>0</Nemoc><Predcas>0</Predcas><od>01. 10. 2016</od><do>30. 11. 2016</do></Zamestnanec><Zamestnanec><JmenoPrijmeni>Aloisie Bilkova</JmenoPrijmeni><RodneCislo>176011/4521</RodneCislo><Pozice>CTO - Chief Technical Officer</Pozice><Uvazek>40</Uvazek><Odpracovano>160</Odpracovano><Dovolena>0</Dovolena><Nemoc>0</Nemoc><Predcas>0</Predcas><od>01. 10. 2016</od><do>30. 11. 2016</do></Zamestnanec><Zamestnanec><JmenoPrijmeni>Bohuslav Cernohorsky</JmenoPrijmeni><RodneCislo>380114/7658</RodneCislo><Pozice>Product Manager</Pozice><Uvazek>40</Uvazek><Odpracovano>160</Odpracovano><Dovolena>0</Dovolena><Nemoc>0</Nemoc><Predcas>0</Predcas><od>01. 10. 2016</od><do>30. 11. 2016</do></Zamestnanec><Zamestnanec><JmenoPrijmeni>Jindrich Doubrava</JmenoPrijmeni><RodneCislo>131127/4613</RodneCislo><Pozice>CFO - Chief Financial Offecer</Pozice><Uvazek>40</Uvazek><Odpracovano>160</Odpracovano><Dovolena>0</Dovolena><Nemoc>0</Nemoc><Predcas>0</Predcas><od>01. 10. 2016</od><do>30. 11. 2016</do></Zamestnanec><Zamestnanec><JmenoPrijmeni>Bianka Jiraskova</JmenoPrijmeni><RodneCislo>795524/0337</RodneCislo><Pozice>Developer</Pozice><Uvazek>40</Uvazek><Odpracovano>160</Odpracovano><Dovolena>0</Dovolena><Nemoc>0</Nemoc><Predcas>0</Predcas><od>01. 10. 2016</od><do>30. 11. 2016</do></Zamestnanec><Zamestnanec><JmenoPrijmeni>Mikulas Jurka</JmenoPrijmeni><RodneCislo>771009/2830</RodneCislo><Pozice>Developer</Pozice><Uvazek>40</Uvazek><Odpracovano>168</Odpracovano><Dovolena>1</Dovolena><Nemoc>0</Nemoc><Predcas>0</Predcas><od>01. 10. 2016</od><do>30. 11. 2016</do></Zamestnanec><Zamestnanec><JmenoPrijmeni>Vlasta Kasparkova</JmenoPrijmeni><RodneCislo>396031/9253</RodneCislo><Pozice>Uklid</Pozice><Uvazek>40</Uvazek><Odpracovano>160</Odpracovano><Dovolena>0</Dovolena><Nemoc>0</Nemoc><Predcas>0</Predcas><od>01. 10. 2016</od><do>30. 11. 2016</do></Zamestnanec><Zamestnanec><JmenoPrijmeni>Rene Krupka</JmenoPrijmeni><RodneCislo>590417/9908</RodneCislo><Pozice>Developer Senior</Pozice><Uvazek>40</Uvazek><Odpracovano>160</Odpracovano><Dovolena>0</Dovolena><Nemoc>0</Nemoc><Predcas>0</Predcas><od>01. 10. 2016</od><do>30. 11. 2016</do></Zamestnanec><Zamestnanec><JmenoPrijmeni>Mariana Liskova</JmenoPrijmeni><RodneCislo>005510/8977</RodneCislo><Pozice>Human Resouces</Pozice><Uvazek>40</Uvazek><Odpracovano>160</Odpracovano><Dovolena>0</Dovolena><Nemoc>0</Nemoc><Predcas>0</Predcas><od>01. 10. 2016</od><do>30. 11. 2016</do></Zamestnanec><Zamestnanec><JmenoPrijmeni>Iris Maleckova</JmenoPrijmeni><RodneCislo>495406/7206</RodneCislo><Pozice>Tester Senior</Pozice><Uvazek>40</Uvazek><Odpracovano>160</Odpracovano><Dovolena>0</Dovolena><Nemoc>0</Nemoc><Predcas>0</Predcas><od>01. 10. 2016</od><do>30. 11. 2016</do></Zamestnanec><Zamestnanec><JmenoPrijmeni>Jenovefa Matuskova</JmenoPrijmeni><RodneCislo>446210/8673</RodneCislo><Pozice>Human Resouces</Pozice><Uvazek>40</Uvazek><Odpracovano>160</Odpracovano><Dovolena>0</Dovolena><Nemoc>0</Nemoc><Predcas>0</Predcas><od>01. 10. 2016</od><do>30. 11. 2016</do></Zamestnanec><Zamestnanec><JmenoPrijmeni>Bozena Olivova</JmenoPrijmeni><RodneCislo>015426/4385</RodneCislo><Pozice>Tester Senior</Pozice><Uvazek>40</Uvazek><Odpracovano>160</Odpracovano><Dovolena>0</Dovolena><Nemoc>0</Nemoc><Predcas>0</Predcas><od>01. 10. 2016</od><do>30. 11. 2016</do></Zamestnanec><Zamestnanec><JmenoPrijmeni>Konrad Peroutka</JmenoPrijmeni><RodneCislo>430712/1247</RodneCislo><Pozice>Customer service</Pozice><Uvazek>40</Uvazek><Odpracovano>160</Odpracovano><Dovolena>0</Dovolena><Nemoc>0</Nemoc><Predcas>0</Predcas><od>01. 10. 2016</od><do>30. 11. 2016</do></Zamestnanec><Zamestnanec><JmenoPrijmeni>Amata Petrasova</JmenoPrijmeni><RodneCislo>155421/4893</RodneCislo><Pozice>Assistant CEO</Pozice><Uvazek>40</Uvazek><Odpracovano>160</Odpracovano><Dovolena>0</Dovolena><Nemoc>0</Nemoc><Predcas>0</Predcas><od>01. 10. 2016</od><do>30. 11. 2016</do></Zamestnanec><Zamestnanec><JmenoPrijmeni>Tomas Prosek</JmenoPrijmeni><RodneCislo>451014/2758</RodneCislo><Pozice>Financial Accountant</Pozice><Uvazek>40</Uvazek><Odpracovano>160</Odpracovano><Dovolena>0</Dovolena><Nemoc>0</Nemoc><Predcas>0</Predcas><od>01. 10. 2016</od><do>30. 11. 2016</do></Zamestnanec><Zamestnanec><JmenoPrijmeni>Matylda Ptackova</JmenoPrijmeni><RodneCislo>496220/4159</RodneCislo><Pozice>Developer Senior</Pozice><Uvazek>40</Uvazek><Odpracovano>160</Odpracovano><Dovolena>0</Dovolena><Nemoc>0</Nemoc><Predcas>0</Predcas><od>01. 10. 2016</od><do>30. 11. 2016</do></Zamestnanec><Zamestnanec><JmenoPrijmeni>Aimee Starova</JmenoPrijmeni><RodneCislo>616228/5250</RodneCislo><Pozice>Developer Junior</Pozice><Uvazek>40</Uvazek><Odpracovano>160</Odpracovano><Dovolena>0</Dovolena><Nemoc>0</Nemoc><Predcas>0</Predcas><od>01. 10. 2016</od><do>30. 11. 2016</do></Zamestnanec><Zamestnanec><JmenoPrijmeni>Alannah Svabova</JmenoPrijmeni><RodneCislo>865827/3063</RodneCislo><Pozice>Developer Junior</Pozice><Uvazek>40</Uvazek><Odpracovano>160</Odpracovano><Dovolena>0</Dovolena><Nemoc>0</Nemoc><Predcas>0</Predcas><od>01. 10. 2016</od><do>30. 11. 2016</do></Zamestnanec><Zamestnanec><JmenoPrijmeni>Otylie Sykorova</JmenoPrijmeni><RodneCislo>685428/5977</RodneCislo><Pozice>Developer</Pozice><Uvazek>40</Uvazek><Odpracovano>160</Odpracovano><Dovolena>0</Dovolena><Nemoc>0</Nemoc><Predcas>0</Predcas><od>01. 10. 2016</od><do>30. 11. 2016</do></Zamestnanec><Zamestnanec><JmenoPrijmeni>Jan Vit</JmenoPrijmeni><RodneCislo>880411/3395</RodneCislo><Pozice>Financial Accountant</Pozice><Uvazek>40</Uvazek><Odpracovano>160</Odpracovano><Dovolena>0</Dovolena><Nemoc>0</Nemoc><Predcas>0</Predcas><od>01. 10. 2016</od><do>30. 11. 2016</do></Zamestnanec></zamestnanci>