<?xml version="1.0" encoding="UTF-8" standalone="yes"?>
<ZamestnanecList>
	<ZamestnanecItem>
		<Datum>2016-09-01</Datum>
		<Prichod>07:48:05.605</Prichod>
		<Odchod>16:22:48.917</Odchod>
		<OdpracovaneH>08:03:00.000</OdpracovaneH>
		<StatusDne>1</StatusDne>
		<Zamestnanec>0</Zamestnanec>
	</ZamestnanecItem>
	<ZamestnanecItem>
		<Datum>2016-09-02</Datum>
		<Prichod>08:09:31.007</Prichod>
		<Odchod>16:53:22.219</Odchod>
		<OdpracovaneH>08:09:00.000</OdpracovaneH>
		<StatusDne>1</StatusDne>
		<Zamestnanec>0</Zamestnanec>
	</ZamestnanecItem>
	<ZamestnanecItem>
		<Datum>2016-09-05</Datum>
		<Prichod>08:02:17.455</Prichod>
		<Odchod>16:36:26.552</Odchod>
		<OdpracovaneH>08:00:00.000</OdpracovaneH>
		<StatusDne>1</StatusDne>
		<Zamestnanec>0</Zamestnanec>
	</ZamestnanecItem>
	<ZamestnanecItem>
		<Datum>2016-09-06</Datum>
		<Prichod>07:49:21.565</Prichod>
		<Odchod>16:30:11.865</Odchod>
		<OdpracovaneH>08:02:00.000</OdpracovaneH>
		<StatusDne>1</StatusDne>
		<Zamestnanec>0</Zamestnanec>
	</ZamestnanecItem>
	<ZamestnanecItem>
		<Datum>2016-09-07</Datum>
		<Prichod>08:06:09.242</Prichod>
		<Odchod>16:40:10.289</Odchod>
		<OdpracovaneH>08:04:00.000</OdpracovaneH>
		<StatusDne>1</StatusDne>
		<Zamestnanec>0</Zamestnanec>
	</ZamestnanecItem>
	<ZamestnanecItem>
		<Datum>2016-09-08</Datum>
		<Prichod>08:02:45.879</Prichod>
		<Odchod>16:46:25.117</Odchod>
		<OdpracovaneH>08:05:00.000</OdpracovaneH>
		<StatusDne>1</StatusDne>
		<Zamestnanec>0</Zamestnanec>
	</ZamestnanecItem>
	<ZamestnanecItem>
		<Datum>2016-09-09</Datum>
		<Prichod>08:02:45.827</Prichod>
		<Odchod>16:43:06.111</Odchod>
		<OdpracovaneH>08:05:00.000</OdpracovaneH>
		<StatusDne>1</StatusDne>
		<Zamestnanec>0</Zamestnanec>
	</ZamestnanecItem>
	<ZamestnanecItem>
		<Datum>2016-09-12</Datum>
		<Prichod>08:01:55.538</Prichod>
		<Odchod>16:45:16.655</Odchod>
		<OdpracovaneH>08:10:00.000</OdpracovaneH>
		<StatusDne>1</StatusDne>
		<Zamestnanec>0</Zamestnanec>
	</ZamestnanecItem>
	<ZamestnanecItem>
		<Datum>2016-09-13</Datum>
		<Prichod>08:10:38.711</Prichod>
		<Odchod>16:46:03.797</Odchod>
		<OdpracovaneH>08:04:00.000</OdpracovaneH>
		<StatusDne>1</StatusDne>
		<Zamestnanec>0</Zamestnanec>
	</ZamestnanecItem>
	<ZamestnanecItem>
		<Datum>2016-09-14</Datum>
		<Prichod>08:25:10.108</Prichod>
		<Odchod>17:06:54.031</Odchod>
		<OdpracovaneH>08:04:00.000</OdpracovaneH>
		<StatusDne>1</StatusDne>
		<Zamestnanec>0</Zamestnanec>
	</ZamestnanecItem>
	<ZamestnanecItem>
		<Datum>2016-09-15</Datum>
		<Prichod>07:52:19.548</Prichod>
		<Odchod>16:38:05.603</Odchod>
		<OdpracovaneH>08:09:00.000</OdpracovaneH>
		<StatusDne>1</StatusDne>
		<Zamestnanec>0</Zamestnanec>
	</ZamestnanecItem>
	<ZamestnanecItem>
		<Datum>2016-09-16</Datum>
		<Prichod>08:08:24.121</Prichod>
		<Odchod>16:47:49.866</Odchod>
		<OdpracovaneH>08:00:00.000</OdpracovaneH>
		<StatusDne>1</StatusDne>
		<Zamestnanec>0</Zamestnanec>
	</ZamestnanecItem>
	<ZamestnanecItem>
		<Datum>2016-09-19</Datum>
		<Prichod>08:26:39.794</Prichod>
		<Odchod>17:08:26.470</Odchod>
		<OdpracovaneH>08:03:00.000</OdpracovaneH>
		<StatusDne>1</StatusDne>
		<Zamestnanec>0</Zamestnanec>
	</ZamestnanecItem>
	<ZamestnanecItem>
		<Datum>2016-09-20</Datum>
		<Prichod>07:54:06.922</Prichod>
		<Odchod>16:31:19.613</Odchod>
		<OdpracovaneH>08:05:00.000</OdpracovaneH>
		<StatusDne>1</StatusDne>
		<Zamestnanec>0</Zamestnanec>
	</ZamestnanecItem>
	<ZamestnanecItem>
		<Datum>2016-09-21</Datum>
		<Prichod>08:20:33.464</Prichod>
		<Odchod>16:54:39.444</Odchod>
		<OdpracovaneH>08:00:00.000</OdpracovaneH>
		<StatusDne>1</StatusDne>
		<Zamestnanec>0</Zamestnanec>
	</ZamestnanecItem>
	<ZamestnanecItem>
		<Datum>2016-09-22</Datum>
		<Prichod>08:04:26.434</Prichod>
		<Odchod>16:39:53.535</Odchod>
		<OdpracovaneH>08:03:00.000</OdpracovaneH>
		<StatusDne>1</StatusDne>
		<Zamestnanec>0</Zamestnanec>
	</ZamestnanecItem>
	<ZamestnanecItem>
		<Datum>2016-09-23</Datum>
		<Prichod>08:03:35.363</Prichod>
		<Odchod>16:48:29.811</Odchod>
		<OdpracovaneH>08:07:00.000</OdpracovaneH>
		<StatusDne>1</StatusDne>
		<Zamestnanec>0</Zamestnanec>
	</ZamestnanecItem>
	<ZamestnanecItem>
		<Datum>2016-09-26</Datum>
		<Prichod>08:28:59.684</Prichod>
		<Odchod>17:05:03.650</Odchod>
		<OdpracovaneH>08:03:00.000</OdpracovaneH>
		<StatusDne>1</StatusDne>
		<Zamestnanec>0</Zamestnanec>
	</ZamestnanecItem>
	<ZamestnanecItem>
		<Datum>2016-09-27</Datum>
		<Prichod>07:51:02.199</Prichod>
		<Odchod>16:35:33.049</Odchod>
		<OdpracovaneH>08:07:00.000</OdpracovaneH>
		<StatusDne>1</StatusDne>
		<Zamestnanec>0</Zamestnanec>
	</ZamestnanecItem>
	<ZamestnanecItem>
		<Datum>2016-09-29</Datum>
		<Prichod>08:02:16.372</Prichod>
		<Odchod>16:34:02.716</Odchod>
		<OdpracovaneH>08:01:00.000</OdpracovaneH>
		<StatusDne>1</StatusDne>
		<Zamestnanec>0</Zamestnanec>
	</ZamestnanecItem>
	<ZamestnanecItem>
		<Datum>2016-09-30</Datum>
		<Prichod>08:01:12.388</Prichod>
		<Odchod>16:47:08.135</Odchod>
		<OdpracovaneH>08:09:00.000</OdpracovaneH>
		<StatusDne>1</StatusDne>
		<Zamestnanec>0</Zamestnanec>
	</ZamestnanecItem>
</ZamestnanecList>