<?xml version="1.0" encoding="UTF-8"?>
<xs:schema xmlns:xs="http://www.w3.org/2001/XMLSchema">
    <xs:element name="ZamestnanecList">
        <xs:complexType>
            <xs:sequence>
                <xs:element ref="ZamestnanecItem" minOccurs="0" maxOccurs="unbounded"/>
            </xs:sequence>
        </xs:complexType>
    </xs:element>
    <xs:element name="ZamestnanecItem">
        <xs:complexType>
            <xs:sequence>
                <xs:element name="Datum" type="xs:date"/>
                <xs:element name="Prichod" type="xs:time"/>
                <xs:element name="Odchod" type="xs:time"/>
                <xs:element name="OdpracovaneH" type="xs:time"/>
                <xs:element name="StatusDne" type="xs:integer"/>
                <xs:element name="Zamestnanec" type="xs:integer"/>
            </xs:sequence>
        </xs:complexType>
    </xs:element>
</xs:schema>